source,target,hits
/node/244,/?p=244,60
/articles/what-nonprofit-structural-definition,/?p=251,762
/node/252,/?p=252,377
/articles/pod-whales,/?p=252,0
/node/252,/?p=252,0
/articles/whales,/?p=252,460
/node/253,/?p=253,662
/articles/why-are-nonprofits-tax-exempt,/?p=253,684
/node/254,/?p=254,70
/articles/exploring-poverty-participation-practice-imagination-and-exploration,/?p=254,93
/node/255,/?p=255,0
/observation/search-not-serendipitous,/?p=255,91
/node/256,/?p=256,104
/articles/nonprofits-and-political-activities,/?p=256,140
/node/257,/?p=257,8
/node/251,/?p=251,67
/observation/get-government-job,/?p=250,87
/articles/lessons-nonprofitteers-majora-carter,/?p=244,77
/node/245,/?p=245,64
/articles/how-write-grant-way-i-want-be-taught-grant-writing,/?p=245,312
/node/246,/?p=246,0
/observation/failure-confidence,/?p=246,74
/node/247,/?p=247,53
/articles/how-make-do-what-you-got,/?p=247,63
/node/248,/?p=248,70
/articles/makes-you-crazy,/?p=248,81
/node/249,/?p=249,68
/articles/radio-ga-ga-2-role-nonprofits-constructing-better-world,/?p=249,838
/node/25,/?p=25,82
/articles/walking-circles,/?p=25,64
/node/250,/?p=250,10
/observation/popco-cake-recipe,/?p=257,83
/node/258,/?p=258,32
/observation/questions-external-brand-interviews,/?p=258,91
/node/266,/?p=266,55
/articles/birthday-list,/?p=266,311
/node/266,/?p=266,0
/articles/birthday-wishlist,/?p=266,0
/node/267,/?p=267,0
/observation/when-good-better-best,/?p=267,79
/node/268,/?p=268,8
/observation/being-wrong-right,/?p=268,95
/node/268,/?p=268,0
/observation/being-wrong-right-not-education-system,/?p=268,0
/node/269,/?p=269,86
/articles/how-create-cross-sector-nonprofit-value,/?p=269,755
/node/27,/?p=27,119
/articles/ghost-train,/?p=27,33
/observation/community-organizer-community-outreach-minister,/?p=265,195
/node/265,/?p=265,11
/node/259,/?p=259,64
/articles/nonprofits-and-economy-free,/?p=259,103
/node/26,/?p=26,20
/articles/trash-piano,/?p=26,22
/node/260,/?p=260,0
/observation/making-recaptcha-not-suck,/?p=260,338
/node/261,/?p=261,0
/observation/graphical-organization-talmud,/?p=261,158
/node/262,/?p=262,56
/articles/blog-action-day-poverty,/?p=262,163
/node/263,/?p=263,0
/observation/small-government-small-paper,/?p=263,127
/node/264,/?p=264,0
/observation/buyers-remorse-hacking,/?p=264,84
/node/270,/?p=270,158
/articles/nonprofit-board-management-governance-and-advice,/?p=243,2658
/node/218,/?p=218,138
/observation/line-order-your-ssn,/?p=225,21
/node/226,/?p=226,0
/observation/7-nonprofit-challenges,/?p=226,33
/node/227,/?p=227,0
/observation/lumifi-search-widget,/?p=227,39
/node/228,/?p=228,0
/observation/fluoride-teeth-and-brushing-advice,/?p=228,47
/node/229,/?p=229,62
/articles/facebook-phone-trees-nonprofit-technology-everyone,/?p=229,138
/node/23,/?p=23,14
/articles/word-day-cankle,/?p=23,18
/node/230,/?p=230,0
/observation/tragic-food,/?p=230,54
/node/231,/?p=231,0
/node/225,/?p=225,0
/observation/other-words-lie,/?p=224,291
/boston-vegetable-planting-chart,/?p=218,201
/node/219,/?p=219,0
/observation/binaries-and-teaching,/?p=219,25
/node/22,/?p=22,156
/articles/somerville-community-mapping,/?p=22,18
/node/220,/?p=220,0
/observation/jp-cafe-brownies,/?p=220,111
/node/221,/?p=221,0
/observation/ntc08-seven-things-everyone-wants-what-freud-and-buddha-understood-and-were-forgetting-a,/?p=221,65
/node/222,/?p=222,0
/observation/contextonomy,/?p=222,31
/node/223,/?p=223,0
/observation/conference-notes-managing-nonprofit-technology-projects,/?p=223,64
/node/224,/?p=224,0
/observation/vegan-baking-tips-egg-replacement-and-oil,/?p=231,233
/node/232,/?p=232,0
/observation/how-use-fridge-crisper,/?p=232,454
/node/238,/?p=238,159
/articles/overriding,/?p=238,3169
/node/239,/?p=239,10
/observation/what-ask-building-website,/?p=239,105
/node/24,/?p=24,83
/articles/hole-ice,/?p=24,82
/node/240,/?p=240,1
/observation/cleaving-running-reds-jaybiking,/?p=240,71
/node/241,/?p=241,0
/observation/ahw-or-arr,/?p=241,76
/node/241,/?p=241,0
/observation/are-you-ahw-or-arr,/?p=241,0
/node/242,/?p=242,10
/observation/caring-internet,/?p=242,81
/articles/override-upload-modules-attachments-list,/?p=238,0
/node/238,/?p=238,0
/node/233,/?p=233,0
/observation/political-news-coverage,/?p=233,95
/node/234,/?p=234,0
/observation/job-qualification-not-jerk,/?p=234,52
/node/235,/?p=235,64
/articles/poverty-singular-moral-challenge,/?p=235,109
/node/236,/?p=236,42
/articles/individual-challenges-nonprofit-leaders,/?p=236,91
/node/237,/?p=237,2
/observation/digital-media-forensics,/?p=237,80
/node/238,/?p=238,10
/articles/drupal-override-upload-modules-attachments-list,/?p=238,0
/node/238,/?p=238,0
/articles/drupal-theme-override-upload-modules-attachments-list,/?p=238,0
/node/243,/?p=243,150
/node/69,/?p=69,34
/articles/no-chirps-lowell,/?p=77,55
/node/78,/?p=78,40
/articles/gone-bicycling,/?p=78,34
/node/79,/?p=79,66
/articles/vote-ben,/?p=79,69
/node/8,/?p=8,128
/articles/first-light-coolidge-corner,/?p=8,117
/node/80,/?p=80,61
/articles/piecing-together-cambrige,/?p=80,38
/node/81,/?p=81,47
/articles/meta-photography-boston,/?p=81,57
/node/82,/?p=82,45
/articles/night-and-day,/?p=82,31
/node/83,/?p=83,111
/node/77,/?p=77,40
/articles/first-monday-night-write,/?p=76,50
/articles/breakfast-smoothie,/?p=69,21
/node/7,/?p=7,90
/articles/autumn-pollution,/?p=7,41
/node/70,/?p=70,18
/articles/sails-charles,/?p=70,27
/node/71,/?p=71,20
/articles/run,/?p=71,13
/node/72,/?p=72,226
/articles/canoes-mystic-river,/?p=72,40
/node/74,/?p=74,273
/articles/response-net-neutrality,/?p=74,38
/node/75,/?p=75,48
/articles/making-smoothies,/?p=75,59
/node/76,/?p=76,40
/articles/night-scenes,/?p=83,34
/node/84,/?p=84,45
/articles/web-2-0-will-save-us,/?p=84,36
/node/93,/?p=93,18
/articles/planes-galore,/?p=93,14
/node/94,/?p=94,65
/articles/education-urinal,/?p=94,20
/node/95,/?p=95,5479
/views-santa-barbara,/?p=95,27
/node/96,/?p=96,44
/articles/evening-cruise-boston-harbor,/?p=96,39
/node/97,/?p=97,40
/articles/rhode-island-turf-and-grapes,/?p=97,18
/node/98,/?p=98,77
/articles/germania-st-1,/?p=98,58
/node/99,/?p=99,589
/articles/radio-ga-ga-discussing-americorp-vista-wuml,/?p=99,54
/articles/rubbed-away-dc,/?p=92,93
/node/92,/?p=92,48
/node/86,/?p=86,118
/articles/central-park-pictures,/?p=86,36
/node/87,/?p=87,270
/articles/node101-weekend-new-york-city,/?p=87,103
/node/88,/?p=88,35
/articles/youth-channel-blockparty,/?p=88,47
/node/89,/?p=89,303
/articles/solar-powered-art,/?p=89,134
/node/9,/?p=9,1079
/articles/rubbed-away,/?p=9,76
/node/90,/?p=90,57
/articles/about-dorchester,/?p=90,54
/node/91,/?p=91,48
/articles/deeper-porter,/?p=91,90
/articles/two-two-two-yolks-one,/?p=68,89
/articles/equally-good-alternatives-collaboration,/?p=270,270
/node/28,/?p=28,94
/articles/ny-nightlife,/?p=28,26
/node/30,/?p=30,139
/articles/my-first-t-shirt,/?p=30,50
/node/32,/?p=32,9
/articles/bookshelf,/?p=32,36
/node/4,/?p=4,148
/node/41,/?p=41,596
/articles/dave-alpert-abbey,/?p=41,59
/node/42,/?p=42,111
/articles/great-minds-dress-alike,/?p=42,92
/node/46,/?p=46,96
/articles/emo-lyrics-jason,/?p=46,136
/node/47,/?p=47,375
/observation/weingarten-rights,/?p=278,124
/node/278,/?p=278,0
/node/271,/?p=271,185
/articles/strengthening-organizations-through-community-engagement,/?p=271,1336
/node/272,/?p=272,0
/observation/interview-questions,/?p=272,177
/node/273,/?p=273,26
/articles/lessons-1960s,/?p=273,65
/node/274,/?p=274,251
/articles/how-write-cover-letter-job-application,/?p=274,634
/node/275,/?p=275,35
/articles/nonprofit-between-scylla-and-charydbis,/?p=275,100
/node/276,/?p=276,30
/articles/web-2-0-produsage,/?p=276,148
/node/277,/?p=277,0
/observation/human-measurements,/?p=277,59
/articles/x-salad-sandwich,/?p=47,149
/node/48,/?p=48,32
/articles/now-thats-lot-mustard,/?p=48,44
/node/61,/?p=61,1
/fiction-post-disclaimer,/?p=61,0
/node/62,/?p=62,96
/articles/new-look,/?p=62,59
/node/63,/?p=63,78
/articles/making-art-inkscape,/?p=63,116
/node/64,/?p=64,12
/articles/charles-4th,/?p=64,13
/node/65,/?p=65,44
/articles/zandvoort,/?p=65,36
/node/66,/?p=66,43
/articles/harbor-island-info,/?p=66,59
/node/67,/?p=67,52
/articles/zuchini-harvest,/?p=67,39
/articles/pool-soup,/?p=6,54
/node/6,/?p=6,115
/node/49,/?p=49,41
/articles/san-francisco-bay,/?p=49,48
/node/54,/?p=54,349
/articles/hot-slow-sunday-jp,/?p=54,59
/node/55,/?p=55,26
/articles/santa-barbara-summer-solstice-2006,/?p=55,21
/node/56,/?p=56,40
/articles/san-francisco-nights,/?p=56,24
/node/57,/?p=57,16
/articles/two-minutes-paul-and-liz,/?p=57,15
/node/58,/?p=58,27
/articles/chase-palm-park,/?p=58,67
/node/59,/?p=59,52
/articles/views-isla-vista,/?p=59,85
/node/68,/?p=68,58
/articles/new-england-construction,/?p=130,69
/node/139,/?p=139,151
/articles/more-thoughts-interesting-thesaurus,/?p=139,0
/node/139,/?p=139,0
/articles/some-more-thoughts-interesting-thesaurus,/?p=139,282
/node/140,/?p=140,0
/unintuitive-check,/?p=140,22
/node/141,/?p=141,0
/trustworthiness,/?p=141,25
/node/142,/?p=142,0
/verb-do,/?p=142,63
/node/143,/?p=143,0
/tee,/?p=143,54
/node/144,/?p=144,0
/thesuarus-computations,/?p=144,45
/articles/two-stories-theme,/?p=138,97
/node/138,/?p=138,68
/node/131,/?p=131,80
/articles/spring-arrives,/?p=131,68
/node/132,/?p=132,39
/articles/small-things-spring,/?p=132,154
/node/133,/?p=133,30
/articles/planning-strategic-planning,/?p=133,52
/node/134,/?p=134,51
/articles/should-i-get-nonprofit-job,/?p=134,311
/node/135,/?p=135,320
/articles/walkabout-trail-ri,/?p=135,104
/node/136,/?p=136,67
/articles/geekout-video-maps-cable-access-tv,/?p=136,349
/node/137,/?p=137,311
/articles/desc-scripting-and-conflict-resolution,/?p=137,228
/node/145,/?p=145,0
/pasta-dough-recipe,/?p=145,104
/node/146,/?p=146,0
/politics-fear,/?p=153,56
/node/154,/?p=154,0
/important-distinction,/?p=154,26
/node/155,/?p=155,13
/opinion-nonprofits,/?p=155,734
/node/156,/?p=156,0
/latin-transit,/?p=156,23
/node/157,/?p=157,0
/who-using-drupal,/?p=157,62
/node/158,/?p=158,0
/pancake-recipe,/?p=158,83
/node/159,/?p=159,0
/woody-allen-assignment,/?p=159,47
/node/160,/?p=160,0
/node/153,/?p=153,0
/drupal-wysiwyg-editors,/?p=152,58
/hemp-milk,/?p=146,81
/node/147,/?p=147,0
/thesaurus-computations,/?p=147,27
/node/148,/?p=148,103
/fears-death,/?p=148,19
/node/149,/?p=149,0
/toe-straighteners,/?p=149,337
/node/15,/?p=15,559
/content-map,/?p=15,127
/node/150,/?p=150,0
/plagiarism,/?p=150,27
/node/151,/?p=151,0
/setting-octave-and-gnuplot-osx,/?p=151,1668
/node/152,/?p=152,0
/google-relevance,/?p=160,89
/articles/travel-amherst,/?p=103,75
/articles/office-faceoff,/?p=106,46
/node/107,/?p=107,71
/articles/boston-obscura-halloween-story,/?p=107,41
/node/108,/?p=108,91
/articles/denim-flashback,/?p=108,41
/node/109,/?p=109,74
/articles/drink,/?p=109,72
/node/11,/?p=11,27
/articles/scooped,/?p=11,14
/node/110,/?p=110,876
/articles/nonprofit-technology-sandwich,/?p=110,694
/node/111,/?p=111,133
/articles/meetamericorps-social-networking,/?p=111,297
/node/112,/?p=112,299
/node/106,/?p=106,84
/articles/spooky-baking,/?p=105,110
/node/273,/?p=273,14
/articles/germania-st-3,/?p=102,91
/node/103,/?p=103,87
/node/102,/?p=102,164
/node/101,/?p=101,132
/articles/germania-st-2,/?p=100,48
/node/100,/?p=100,675
/articles/i-defender-democracy-ocracy-cracy,/?p=10,83
/node/10,/?p=10,41
/articles/meta-photography-powder-house-square,/?p=101,163
/node/104,/?p=104,1253
/articles/nonprofit-competition-concept-map,/?p=104,966
/node/105,/?p=105,110
/articles/happy-birthday-rebecca,/?p=112,84
/node/113,/?p=113,109
/articles/love,/?p=113,48
/node/123,/?p=123,77
/articles/its-just-logo,/?p=123,119
/node/124,/?p=124,77
/articles/arguments-ive-heard-against-open-source,/?p=124,69
/node/125,/?p=125,462
/articles/copyright-and-nineteenth-century,/?p=125,885
/node/126,/?p=126,102
/articles/meetamericorps-still-success,/?p=126,89
/node/127,/?p=127,94
/articles/nonprofit-communications-2-0,/?p=127,372
/node/128,/?p=128,201
/articles/introducing-panlexicon-com,/?p=128,486
/node/129,/?p=129,1
/photos,/?p=129,414
/articles/ways-and-water,/?p=122,70
/node/122,/?p=122,62
/node/114,/?p=114,116
/articles/happy-holidays-2006,/?p=114,43
/node/115,/?p=115,241
/articles/bostons-best-tacos,/?p=115,0
/node/118,/?p=118,115
/articles/valentines-day-2007,/?p=118,73
/node/119,/?p=119,1740
/articles/future-cable-access,/?p=119,897
/node/12,/?p=12,37
/articles/23rd-birthday-thanksgiving-spectacular-part-1,/?p=12,26
/node/120,/?p=120,113
/articles/self-photography,/?p=120,116
/node/121,/?p=121,172
/articles/airport-vehicles,/?p=121,180
/node/130,/?p=130,76
/articles/my-pigeons-row,/?p=19,59
/node/199,/?p=199,0
/decimate,/?p=199,42
/node/200,/?p=200,0
/observation/ors-amounts-nalgene-bottle,/?p=200,0
/node/200,/?p=200,0
/ors-amounts-nalgene-bottle,/?p=200,78
/node/201,/?p=201,0
/ny-times-public-television,/?p=201,27
/node/202,/?p=202,0
/perspective,/?p=202,32
/node/203,/?p=203,0
/excel-escape-characters,/?p=203,419
/node/204,/?p=204,0
/reject-or-denounce,/?p=204,28
/articles/2007-review,/?p=198,143
/node/198,/?p=198,46
/node/190,/?p=190,0
/hold-salt,/?p=190,79
/node/191,/?p=191,38
/articles/remember-paul,/?p=191,47
/node/192,/?p=192,0
/bees-and-biology,/?p=192,87
/node/193,/?p=193,0
/detective-nonsense,/?p=193,24
/node/195,/?p=195,314
/articles/understanding-beliefs-and-how-change-them,/?p=195,275
/node/196,/?p=196,0
/medicalization,/?p=196,75
/node/197,/?p=197,69
/articles/lolart,/?p=197,82
/node/205,/?p=205,0
/capitalism-and-morality,/?p=205,694
/node/205,/?p=205,0
/observation/transitivity-fallacy,/?p=211,100
/node/212,/?p=212,0
/observation/nonprofit-job-misconceptions,/?p=212,38
/node/214,/?p=214,144
/articles/progressive-terminology-discussing-poverty,/?p=214,1681
/node/215,/?p=215,28
/articles/cat-new,/?p=215,28
/node/216,/?p=216,77
/articles/brompt-blog-reminder,/?p=216,325
/node/217,/?p=217,0
/observation/echilada-sauce,/?p=217,67
/node/217,/?p=217,0
/observation/enchilada-sauce,/?p=217,0
/node/218,/?p=218,150
/node/211,/?p=211,0
/observation/free-society,/?p=210,43
/capitalism-and-morality-thai-beer-and-monks,/?p=205,0
/node/206,/?p=206,0
/writing-congresscritter,/?p=206,31
/node/206,/?p=206,0
/writing-my-congress-critter,/?p=206,0
/node/207,/?p=207,0
/breakfast-cereals-oh-my,/?p=207,105
/node/208,/?p=208,0
/observation/millenial-idea,/?p=208,57
/node/209,/?p=209,0
/observation/why-i-apple-computers,/?p=209,74
/node/21,/?p=21,541
/boston-fallout-shelters,/?p=21,222
/node/210,/?p=210,0
/articles/boston-vegetable-planting-chart,/?p=218,0
/node/161,/?p=161,0
/chill-units,/?p=167,24
/node/168,/?p=168,0
/nightmares,/?p=168,61
/node/170,/?p=170,0
/articles/donations-and-volunteering,/?p=170,0
/node/171,/?p=171,0
/criticism-civic-literacy,/?p=171,28
/node/172,/?p=172,0
/creating-models,/?p=172,25
/node/173,/?p=173,0
/cold-reading,/?p=173,64
/node/174,/?p=174,0
/knorking,/?p=174,20
/node/175,/?p=175,0
/node/167,/?p=167,0
/john-hancock-building,/?p=166,50
/puddingstone,/?p=161,41
/node/162,/?p=162,0
/john-gardner,/?p=162,16
/node/162,/?p=162,0
/opportunities-disguise,/?p=162,0
/node/163,/?p=163,0
/san-diego-burning,/?p=163,73
/node/164,/?p=164,104
/articles/alternatives-nonprofit-job,/?p=164,101
/node/165,/?p=165,550
/understanding-academia,/?p=165,696
/node/165,/?p=165,0
/understanding-academia-and-legitimacy-exchange,/?p=165,0
/node/166,/?p=166,0
/biology-cliche,/?p=175,19
/node/176,/?p=176,699
/close-machine,/?p=176,729
/node/183,/?p=183,0
/struck-cain,/?p=183,41
/node/184,/?p=184,0
/cribbed-apple-salsa,/?p=184,76
/node/185,/?p=185,0
/apple-and-green-papaya,/?p=185,55
/node/186,/?p=186,0
/king-corn,/?p=186,77
/node/187,/?p=187,0
/destructive-rhetoric,/?p=187,57
/node/19,/?p=19,37
/node/188,/?p=188,0
/design-analogies,/?p=188,58
/node/189,/?p=189,0
/viz-vis-vis-viz,/?p=182,231
/node/182,/?p=182,0
/node/177,/?p=177,0
/volunteer-logic,/?p=177,53
/node/178,/?p=178,63
/articles/happy-birthday-me,/?p=178,188
/node/179,/?p=179,0
/creating-meaning-through-interaction,/?p=179,186
/node/18,/?p=18,30
/articles/thanksgiving-reloaded,/?p=18,33
/node/180,/?p=180,0
/consumption-and-deregulation,/?p=180,53
/node/181,/?p=181,0
/fat-facts,/?p=181,18
/node/182,/?p=182,0
/vis-vis-viz-vis-vis-viz,/?p=182,0
/reading-list,/?p=189,33
/rss.xml,/feed,12
/node/feed,/feed,77369
"/2007/07/\"should-i-get-a-nonprofit-job",/2007/07/should-i-get-a-nonprofit-job/,0
/2007/12/vis-a-vis-viz-vis-a-vis-viz-/,/2007/12/vis-a-vis-viz-vis-a-vis-viz/,12
/2006/10/nonprofit-competition-&-concept-map/,/2006/10/nonprofit-competition-concept-map/,12
/2007/08/geekout:-video-on-maps-for-cable-access-tv/,/2007/08/geekout-video-on-maps-for-cable-access-tv/,45
/2009/10/growing-toward-the-omega-point/,/2009/10/obviously-not-to-scale/,325
/2009/10/a-crow-not-a-rogues-nest/,/2009/10/a-crow-but-not-a-rogues-nest/,98
/2009/10/a-crow-but-not-a-rogues-nest/,/2009/10/not-another-rogues-nest/,154
/2008/08/cleaving-running-reds-from-jaybiking-/,/2008/08/cleaving-running-reds-from-jaybiking/,42
/2008/08/cleaving-running-reds-from-jaybiking-/,/2008/08/cleaving-running-reds-from-jaybiking/,0
/2008/06/conference-notes:-managing-nonprofit-technology-projects-/,/2008/06/conference-notes-managing-nonprofit-technology-projects/,77
/2008/06/conference-notes:-managing-nonprofit-technology-projects-/,/2008/06/conference-notes-managing-nonprofit-technology-projects/,0
/2010/04/i-know-not-what-ive-done/,/2010/04/do-what-i-say/,18
/2010/08/wealth-procession/,/2010/08/wealth-parade/,222
/2010/11/goofus-gallant-mbas/,/2010/11/goofus-gallant-mba/,245
/2011/10/the-work-itself-isn%e2%80%99t-inhumane/,/2011/10/the-work-itself-isnt-inhumane/,46
/2012/11/reimagining-chicagos-311-activity-with-super-mayor-emanuel/,/2012/09/reimagining-chicagos-311-activity-with-super-mayor-emanuel/,4
/2009/01/hello-world/,,0
/2008/10/blog-action-day:-poverty/,/2008/10/blog-action-day-poverty/,14
/2008/08/radio-ga-ga-2:-the-role-of-nonprofits-in-constructing-a-better-world/,/2008/08/radio-ga-ga-2-the-role-of-nonprofits-in-constructing-a-better-world/,1
/2008/09/what-is-a-nonprofit,/2008/09/what-is-a-nonprofit-a-structural-definition/,0
/2008/09/why-are-nonprofits-tax-exempt,/2008/09/why-are-nonprofits-tax-exempt/,83
/2008/09/exploring-poverty:-participation-practice-imagination-and-exploration/,/2008/09/exploring-poverty-participation-practice-imagination-and-exploration/,0
/2008/10/small-government-/-small-paper/,/2008/10/small-government-small-paper/,123
/2008/07/job-qualification:-not-a-jerk/,/2008/07/job-qualification-not-a-jerk/,0
"/2008/08/drupal:-theme-override-for-upload-module\'s-attachments-list-/",/2008/08/drupal-theme-override-for-upload-modules-attachments-list/,0
/2008/08/are-you-ahw-or-arr,/2008/08/are-you-ahw-or-arr/,37
"/2008/10/buyer\'s-remorse-hacking/",/2008/10/buyers-remorse-hacking/,0
"/2008/11/when-\"good\"-is-better-than-\"best\"/",/2008/11/when-good-is-better-than-best/,0
/2008/10/community-organizer-=-community-outreach-minister/,/2008/10/community-organizer-equals-community-outreach-minister/,0
"/2008/06/other-words-for-\"lie\"/",/2008/06/other-words-for-lie/,0
"/2008/01/to-\"decimate\"/",/2008/01/to-decimate/,0
/2007/12/understanding-beliefs-(and-how-to-change-them)/,/2007/12/understanding-beliefs-and-how-to-change-them/,24
/2009/01/lorem-ipsum/,,21
/2008/03/capitalism-and-morality-(thai-beer-and-monks)/,/2008/03/capitalism-and-morality-thai-beer-and-monks/,1
/2008/07/facebook-to-phone-trees:-nonprofit-technology-for-everyone/,/2008/07/facebook-to-phone-trees-nonprofit-technology-for-everyone/,1
/2008/07/vegan-baking-tips:-egg-replacement-and-oil/,/2008/07/vegan-baking-tips-egg-replacement-and-oil/,28
/2008/01/2007-in-review-/,/2008/01/2007-in-review/,0
/2009/01/325/,/2009/01/2008-in-review/,147
/2006/09/radio-ga-ga:-discussing-americorp*vista-on-wuml/,/2006/09/radio-ga-ga-discussing-americorp-vista-on-wuml/,3
/2006/09/germania-st-,/2006/09/germania-st-2/,15
/2006/08/education-urinal-=-,/2006/08/education-urinal/,0
/2006/10/travel:-amherst/,/2006/10/travel-amherst/,1
/2006/10/germania-st-,/2006/10/germania-st-3/,16
/2006/10/boston-obscura:-a-halloween-story/,/2006/10/boston-obscura-a-halloween-story/,6
"/2007/01/boston\'s-best-tacos/",/2007/01/bostons-best-tacos/,0
"/2006/12/meetamericorps-is-\"social-networking\"!/",/2006/12/meetamericorps-is-social-networking/,0
"/2007/03/arguments-i\'ve-heard-against-open-source/",/2007/03/arguments-ive-heard-against-open-source/,0
"/2007/03/but-it\'s-just-a-logo/",/2007/03/but-its-just-a-logo/,3
/2005/12/word-of-the-day:-cankle/,/2005/12/word-of-the-day-cankle/,4
/files/island94.org/(.*),"/wp-content/uploads/2008_oldfiles/\1",655525
