source,id
/node/244,244
/articles/what-nonprofit-structural-definition,251
/node/252,252
/articles/pod-whales,252
/node/252,252
/articles/whales,252
/node/253,253
/articles/why-are-nonprofits-tax-exempt,253
/node/254,254
/articles/exploring-poverty-participation-practice-imagination-and-exploration,254
/node/255,255
/observation/search-not-serendipitous,255
/node/256,256
/articles/nonprofits-and-political-activities,256
/node/257,257
/node/251,251
/observation/get-government-job,250
/articles/lessons-nonprofitteers-majora-carter,244
/node/245,245
/articles/how-write-grant-way-i-want-be-taught-grant-writing,245
/node/246,246
/observation/failure-confidence,246
/node/247,247
/articles/how-make-do-what-you-got,247
/node/248,248
/articles/makes-you-crazy,248
/node/249,249
/articles/radio-ga-ga-2-role-nonprofits-constructing-better-world,249
/node/25,25
/articles/walking-circles,25
/node/250,250
/observation/popco-cake-recipe,257
/node/258,258
/observation/questions-external-brand-interviews,258
/node/266,266
/articles/birthday-list,266
/node/266,266
/articles/birthday-wishlist,266
/node/267,267
/observation/when-good-better-best,267
/node/268,268
/observation/being-wrong-right,268
/node/268,268
/observation/being-wrong-right-not-education-system,268
/node/269,269
/articles/how-create-cross-sector-nonprofit-value,269
/node/27,27
/articles/ghost-train,27
/observation/community-organizer-community-outreach-minister,265
/node/265,265
/node/259,259
/articles/nonprofits-and-economy-free,259
/node/26,26
/articles/trash-piano,26
/node/260,260
/observation/making-recaptcha-not-suck,260
/node/261,261
/observation/graphical-organization-talmud,261
/node/262,262
/articles/blog-action-day-poverty,262
/node/263,263
/observation/small-government-small-paper,263
/node/264,264
/observation/buyers-remorse-hacking,264
/node/270,270
/articles/nonprofit-board-management-governance-and-advice,243
/node/218,218
/observation/line-order-your-ssn,225
/node/226,226
/observation/7-nonprofit-challenges,226
/node/227,227
/observation/lumifi-search-widget,227
/node/228,228
/observation/fluoride-teeth-and-brushing-advice,228
/node/229,229
/articles/facebook-phone-trees-nonprofit-technology-everyone,229
/node/23,23
/articles/word-day-cankle,23
/node/230,230
/observation/tragic-food,230
/node/231,231
/node/225,225
/observation/other-words-lie,224
/boston-vegetable-planting-chart,218
/node/219,219
/observation/binaries-and-teaching,219
/node/22,22
/articles/somerville-community-mapping,22
/node/220,220
/observation/jp-cafe-brownies,220
/node/221,221
/observation/ntc08-seven-things-everyone-wants-what-freud-and-buddha-understood-and-were-forgetting-a,221
/node/222,222
/observation/contextonomy,222
/node/223,223
/observation/conference-notes-managing-nonprofit-technology-projects,223
/node/224,224
/observation/vegan-baking-tips-egg-replacement-and-oil,231
/node/232,232
/observation/how-use-fridge-crisper,232
/node/238,238
/articles/overriding,238
/node/239,239
/observation/what-ask-building-website,239
/node/24,24
/articles/hole-ice,24
/node/240,240
/observation/cleaving-running-reds-jaybiking,240
/node/241,241
/observation/ahw-or-arr,241
/node/241,241
/observation/are-you-ahw-or-arr,241
/node/242,242
/observation/caring-internet,242
/articles/override-upload-modules-attachments-list,238
/node/238,238
/node/233,233
/observation/political-news-coverage,233
/node/234,234
/observation/job-qualification-not-jerk,234
/node/235,235
/articles/poverty-singular-moral-challenge,235
/node/236,236
/articles/individual-challenges-nonprofit-leaders,236
/node/237,237
/observation/digital-media-forensics,237
/node/238,238
/articles/drupal-override-upload-modules-attachments-list,238
/node/238,238
/articles/drupal-theme-override-upload-modules-attachments-list,238
/node/243,243
/node/69,69
/articles/no-chirps-lowell,77
/node/78,78
/articles/gone-bicycling,78
/node/79,79
/articles/vote-ben,79
/node/8,8
/articles/first-light-coolidge-corner,8
/node/80,80
/articles/piecing-together-cambrige,80
/node/81,81
/articles/meta-photography-boston,81
/node/82,82
/articles/night-and-day,82
/node/83,83
/node/77,77
/articles/first-monday-night-write,76
/articles/breakfast-smoothie,69
/node/7,7
/articles/autumn-pollution,7
/node/70,70
/articles/sails-charles,70
/node/71,71
/articles/run,71
/node/72,72
/articles/canoes-mystic-river,72
/node/74,74
/articles/response-net-neutrality,74
/node/75,75
/articles/making-smoothies,75
/node/76,76
/articles/night-scenes,83
/node/84,84
/articles/web-2-0-will-save-us,84
/node/93,93
/articles/planes-galore,93
/node/94,94
/articles/education-urinal,94
/node/95,95
/views-santa-barbara,95
/node/96,96
/articles/evening-cruise-boston-harbor,96
/node/97,97
/articles/rhode-island-turf-and-grapes,97
/node/98,98
/articles/germania-st-1,98
/node/99,99
/articles/radio-ga-ga-discussing-americorp-vista-wuml,99
/articles/rubbed-away-dc,92
/node/92,92
/node/86,86
/articles/central-park-pictures,86
/node/87,87
/articles/node101-weekend-new-york-city,87
/node/88,88
/articles/youth-channel-blockparty,88
/node/89,89
/articles/solar-powered-art,89
/node/9,9
/articles/rubbed-away,9
/node/90,90
/articles/about-dorchester,90
/node/91,91
/articles/deeper-porter,91
/articles/two-two-two-yolks-one,68
/articles/equally-good-alternatives-collaboration,270
/node/28,28
/articles/ny-nightlife,28
/node/30,30
/articles/my-first-t-shirt,30
/node/32,32
/articles/bookshelf,32
/node/4,4
/node/41,41
/articles/dave-alpert-abbey,41
/node/42,42
/articles/great-minds-dress-alike,42
/node/46,46
/articles/emo-lyrics-jason,46
/node/47,47
/observation/weingarten-rights,278
/node/278,278
/node/271,271
/articles/strengthening-organizations-through-community-engagement,271
/node/272,272
/observation/interview-questions,272
/node/273,273
/articles/lessons-1960s,273
/node/274,274
/articles/how-write-cover-letter-job-application,274
/node/275,275
/articles/nonprofit-between-scylla-and-charydbis,275
/node/276,276
/articles/web-2-0-produsage,276
/node/277,277
/observation/human-measurements,277
/articles/x-salad-sandwich,47
/node/48,48
/articles/now-thats-lot-mustard,48
/node/61,61
/fiction-post-disclaimer,61
/node/62,62
/articles/new-look,62
/node/63,63
/articles/making-art-inkscape,63
/node/64,64
/articles/charles-4th,64
/node/65,65
/articles/zandvoort,65
/node/66,66
/articles/harbor-island-info,66
/node/67,67
/articles/zuchini-harvest,67
/articles/pool-soup,6
/node/6,6
/node/49,49
/articles/san-francisco-bay,49
/node/54,54
/articles/hot-slow-sunday-jp,54
/node/55,55
/articles/santa-barbara-summer-solstice-2006,55
/node/56,56
/articles/san-francisco-nights,56
/node/57,57
/articles/two-minutes-paul-and-liz,57
/node/58,58
/articles/chase-palm-park,58
/node/59,59
/articles/views-isla-vista,59
/node/68,68
/articles/new-england-construction,130
/node/139,139
/articles/more-thoughts-interesting-thesaurus,139
/node/139,139
/articles/some-more-thoughts-interesting-thesaurus,139
/node/140,140
/unintuitive-check,140
/node/141,141
/trustworthiness,141
/node/142,142
/verb-do,142
/node/143,143
/tee,143
/node/144,144
/thesuarus-computations,144
/articles/two-stories-theme,138
/node/138,138
/node/131,131
/articles/spring-arrives,131
/node/132,132
/articles/small-things-spring,132
/node/133,133
/articles/planning-strategic-planning,133
/node/134,134
/articles/should-i-get-nonprofit-job,134
/node/135,135
/articles/walkabout-trail-ri,135
/node/136,136
/articles/geekout-video-maps-cable-access-tv,136
/node/137,137
/articles/desc-scripting-and-conflict-resolution,137
/node/145,145
/pasta-dough-recipe,145
/node/146,146
/politics-fear,153
/node/154,154
/important-distinction,154
/node/155,155
/opinion-nonprofits,155
/node/156,156
/latin-transit,156
/node/157,157
/who-using-drupal,157
/node/158,158
/pancake-recipe,158
/node/159,159
/woody-allen-assignment,159
/node/160,160
/node/153,153
/drupal-wysiwyg-editors,152
/hemp-milk,146
/node/147,147
/thesaurus-computations,147
/node/148,148
/fears-death,148
/node/149,149
/toe-straighteners,149
/node/15,15
/content-map,15
/node/150,150
/plagiarism,150
/node/151,151
/setting-octave-and-gnuplot-osx,151
/node/152,152
/google-relevance,160
/articles/travel-amherst,103
/articles/office-faceoff,106
/node/107,107
/articles/boston-obscura-halloween-story,107
/node/108,108
/articles/denim-flashback,108
/node/109,109
/articles/drink,109
/node/11,11
/articles/scooped,11
/node/110,110
/articles/nonprofit-technology-sandwich,110
/node/111,111
/articles/meetamericorps-social-networking,111
/node/112,112
/node/106,106
/articles/spooky-baking,105
/node/273,273
/articles/germania-st-3,102
/node/103,103
/node/102,102
/node/101,101
/articles/germania-st-2,100
/node/100,100
/articles/i-defender-democracy-ocracy-cracy,10
/node/10,10
/articles/meta-photography-powder-house-square,101
/node/104,104
/articles/nonprofit-competition-concept-map,104
/node/105,105
/articles/happy-birthday-rebecca,112
/node/113,113
/articles/love,113
/node/123,123
/articles/its-just-logo,123
/node/124,124
/articles/arguments-ive-heard-against-open-source,124
/node/125,125
/articles/copyright-and-nineteenth-century,125
/node/126,126
/articles/meetamericorps-still-success,126
/node/127,127
/articles/nonprofit-communications-2-0,127
/node/128,128
/articles/introducing-panlexicon-com,128
/node/129,129
/photos,129
/articles/ways-and-water,122
/node/122,122
/node/114,114
/articles/happy-holidays-2006,114
/node/115,115
/articles/bostons-best-tacos,115
/node/118,118
/articles/valentines-day-2007,118
/node/119,119
/articles/future-cable-access,119
/node/12,12
/articles/23rd-birthday-thanksgiving-spectacular-part-1,12
/node/120,120
/articles/self-photography,120
/node/121,121
/articles/airport-vehicles,121
/node/130,130
/articles/my-pigeons-row,19
/node/199,199
/decimate,199
/node/200,200
/observation/ors-amounts-nalgene-bottle,200
/node/200,200
/ors-amounts-nalgene-bottle,200
/node/201,201
/ny-times-public-television,201
/node/202,202
/perspective,202
/node/203,203
/excel-escape-characters,203
/node/204,204
/reject-or-denounce,204
/articles/2007-review,198
/node/198,198
/node/190,190
/hold-salt,190
/node/191,191
/articles/remember-paul,191
/node/192,192
/bees-and-biology,192
/node/193,193
/detective-nonsense,193
/node/195,195
/articles/understanding-beliefs-and-how-change-them,195
/node/196,196
/medicalization,196
/node/197,197
/articles/lolart,197
/node/205,205
/capitalism-and-morality,205
/node/205,205
/observation/transitivity-fallacy,211
/node/212,212
/observation/nonprofit-job-misconceptions,212
/node/214,214
/articles/progressive-terminology-discussing-poverty,214
/node/215,215
/articles/cat-new,215
/node/216,216
/articles/brompt-blog-reminder,216
/node/217,217
/observation/echilada-sauce,217
/node/217,217
/observation/enchilada-sauce,217
/node/218,218
/node/211,211
/observation/free-society,210
/capitalism-and-morality-thai-beer-and-monks,205
/node/206,206
/writing-congresscritter,206
/node/206,206
/writing-my-congress-critter,206
/node/207,207
/breakfast-cereals-oh-my,207
/node/208,208
/observation/millenial-idea,208
/node/209,209
/observation/why-i-apple-computers,209
/node/21,21
/boston-fallout-shelters,21
/node/210,210
/articles/boston-vegetable-planting-chart,218
/node/161,161
/chill-units,167
/node/168,168
/nightmares,168
/node/170,170
/articles/donations-and-volunteering,170
/node/171,171
/criticism-civic-literacy,171
/node/172,172
/creating-models,172
/node/173,173
/cold-reading,173
/node/174,174
/knorking,174
/node/175,175
/node/167,167
/john-hancock-building,166
/puddingstone,161
/node/162,162
/john-gardner,162
/node/162,162
/opportunities-disguise,162
/node/163,163
/san-diego-burning,163
/node/164,164
/articles/alternatives-nonprofit-job,164
/node/165,165
/understanding-academia,165
/node/165,165
/understanding-academia-and-legitimacy-exchange,165
/node/166,166
/biology-cliche,175
/node/176,176
/close-machine,176
/node/183,183
/struck-cain,183
/node/184,184
/cribbed-apple-salsa,184
/node/185,185
/apple-and-green-papaya,185
/node/186,186
/king-corn,186
/node/187,187
/destructive-rhetoric,187
/node/19,19
/node/188,188
/design-analogies,188
/node/189,189
/viz-vis-vis-viz,182
/node/182,182
/node/177,177
/volunteer-logic,177
/node/178,178
/articles/happy-birthday-me,178
/node/179,179
/creating-meaning-through-interaction,179
/node/18,18
/articles/thanksgiving-reloaded,18
/node/180,180
/consumption-and-deregulation,180
/node/181,181
/fat-facts,181
/node/182,182
/vis-vis-viz-vis-vis-viz,182
/reading-list,189
